date,heure_debut,heure_fin,venue,titre,cat,source,confirme,notes
2026-03-12,20:00,22:30,zenith,Ultra Vomit - Les Zéniths de la Puissance,concert,fnacspectacles.com,OUI,Metal parodique 20h confirmé Fnac
2026-03-14,15:45,18:00,stade_france,France - Angleterre Six Nations,sport,stadefrance.com,OUI,Match rugby tournoi 6 Nations samedi après-midi
2026-03-24,10:00,19:30,grand_palais,Matisse 1941-1954 Ouverture,exposition,grandpalais.fr,OUI,Grand Palais blockbuster jusqu'au 26 juillet
2026-03-25,20:00,22:30,zenith,Solann - Si on sombre,concert,fnacspectacles.com,OUI,Chanson pop 20h confirmé
2026-03-27,20:00,22:30,zenith,Goldmen - Tribute Goldman,concert,yoolabox.com,OUI,Tribute 20h confirmé
2026-03-28,20:00,22:30,adidas_arena,Finales Coupe France Volleyball,sport,sortiraparis.com,APPROX,Volley typiquement 20h-22h30
2026-03-29,20:00,22:30,zenith,Theodora,concert,sortiraparis.com,APPROX,Rap concert standard 20h
2026-03-30,09:30,19:00,villepinte,Industrie Paris / Midest 2026 J1,salon,viparis.com,OUI,Salon pro 9h30-19h
2026-03-31,09:30,19:00,villepinte,Industrie Paris / Midest 2026 J2,salon,viparis.com,OUI,Salon pro 9h30-19h
2026-04-01,09:30,19:00,villepinte,Industrie Paris / Midest 2026 J3,salon,viparis.com,OUI,Salon pro 9h30-19h
2026-04-02,09:30,19:00,villepinte,Industrie Paris / Midest 2026 J4,salon,viparis.com,OUI,Salon pro 9h30-19h dernier jour
2026-04-02,11:00,19:00,philharmonie,Video Games & Music - Ouverture expo,exposition,philharmoniedeparis.fr,OUI,Expo musée musique horaire standard
2026-04-03,20:00,22:30,zenith,Kungs,concert,sortiraparis.com,APPROX,Electro DJ 20h standard Zénith
2026-04-09,11:00,21:00,grand_palais,Art Paris 2026 J1,salon,grandpalais.fr,OUI,Foire art contemporain horaires nocturne
2026-04-10,10:00,21:30,mam_paris,Lee Miller Ouverture,exposition,mam.paris.fr,OUI,Musée Art Moderne Ville Paris jeudi nocturne
2026-04-10,11:00,21:00,grand_palais,Art Paris 2026 J2,salon,grandpalais.fr,OUI,Foire jour 2
2026-04-10,20:00,22:30,adidas_arena,ARES 40 MMA,sport,sortiraparis.com,APPROX,MMA combats nuit
2026-04-11,11:00,21:00,grand_palais,Art Paris 2026 J3,salon,grandpalais.fr,OUI,Foire jour 3
2026-04-12,11:00,19:00,grand_palais,Art Paris 2026 J4,salon,grandpalais.fr,OUI,Dernier jour fermeture 19h
2026-04-15,09:00,21:45,louvre,Michel-Ange Rodin Corps vivants Ouverture,exposition,louvre.fr,OUI,Louvre nocturne mercredi 21h45
2026-04-15,11:00,19:00,fondation_lv,Calder Rever en equilibre Ouverture,exposition,fondationlouisvuitton.fr,OUI,Fondation LV centenaire Calder mer fermé
2026-04-16,20:00,22:30,zenith,Ben Mazué - Famille J1,concert,fnacspectacles.com,OUI,Tournée Zéniths 2026
2026-04-17,20:00,22:30,zenith,Ben Mazué - Famille J2,concert,fnacspectacles.com,OUI,Tournée Zéniths 2026
2026-04-18,20:00,22:30,zenith,Ben Mazué - Famille J3,concert,fnacspectacles.com,OUI,Tournée Zéniths 2026
2026-04-19,14:00,16:30,bataclan,Hacene Ahres,concert,bataclan.fr,OUI,Concert kabyle après-midi 40 ans
2026-04-21,19:30,22:00,bataclan,The Vaccines - 15 ans premier album,concert,bataclan.fr,OUI,Pop rock UK Bataclan standard
2026-04-22,19:30,22:00,bataclan,Yves,concert,bataclan.fr,OUI,K-pop solo
2026-04-23,20:00,23:00,seine_musicale,Cérémonie Les Flammes 2026,concert,sortiraparis.com,OUI,Soirée rap RnB cérémonie longue
2026-04-23,20:00,22:30,zenith,Pentatonix,concert,sortiraparis.com,APPROX,A cappella Grammy
2026-04-25,20:00,22:30,adidas_arena,Tony Yoka vs Lawrence Okolie,sport,sortiraparis.com,APPROX,Boxe combat principal soir
2026-04-25,20:00,22:30,bataclan,Concert rap,concert,offi.fr,APPROX,Rap horaire estimé
2026-04-25,20:00,22:30,cigale,Roi Heenok,concert,lacigale.fr,APPROX,Rap Cigale horaire standard
2026-04-25,20:00,22:00,seine_musicale,Joe Bonamassa,concert,laseinemusicale.com,OUI,Blues rock
2026-04-26,20:00,22:30,bataclan,Los Auténticos Decadentes,concert,songkick.com,APPROX,Latino concert standard
2026-04-26,20:00,22:30,trianon,Last Train,concert,letrianon.fr,APPROX,Rock français Trianon
2026-04-26,20:00,22:00,zenith,Marvin,concert,songkick.com,APPROX,Hip-hop Zénith
2026-04-29,19:00,22:00,bataclan,Justice + Soulwax J1,concert,bataclan.fr,OUI,Electro French Touch 19h
2026-04-29,20:00,22:30,bercy_arena,Amel Bent - The Tour 20 ans,concert,accorarena.com,OUI,Concert événement 20 ans carrière
2026-04-30,09:30,19:00,villepinte,JEC World 2026 - Composites,salon,viparis.com,OUI,Salon pro composites
2026-04-30,10:00,19:00,porte_versailles,Foire de Paris 2026 J1,salon,viparis.com,OUI,Foire 30 avril au 11 mai
2026-04-30,17:00,22:00,grand_palais,Championnat du monde de Kickboxing 2026,sport,grandpalais.fr,APPROX,Sport noble art combats soir
2026-04-30,19:00,22:00,bataclan,Justice + Soulwax J2,concert,bataclan.fr,OUI,Electro jour 2
2026-04-30,20:00,22:00,bercy_arena,Charlotte Cardin,concert,offi.fr,OUI,99 Nights Tour 20h-21h45 confirmé LaPresse
2026-04-30,20:00,22:30,olympia,Bénabar,concert,songkick.com,APPROX,Chanson française Olympia
2026-05-01,10:00,22:00,grand_palais,Matisse 1941-1954 - Nocturne vendredi,exposition,grandpalais.fr,OUI,Expo blockbuster nocturne ven 22h
2026-05-01,10:00,19:00,porte_versailles,Foire de Paris 2026,salon,viparis.com,OUI,Foire grand public jour 2
2026-05-02,10:00,19:00,porte_versailles,Foire de Paris 2026,salon,viparis.com,OUI,Foire grand public jour 3
2026-05-02,20:00,22:00,bataclan,Concert rock,concert,bataclan.fr,APPROX,Rock standard 20h
2026-05-02,20:00,22:30,bercy_arena,Worakls Orchestra,concert,accorarena.com,OUI,Electro orchestrale
2026-05-02,20:00,23:00,stade_france,Fally Ipupa - 20 ans de carriere,concert,stadefrance.com,OUI,Rumba afro jour 1
2026-05-02,20:00,22:30,zenith,Concert oriental,concert,offi.fr,APPROX,Musiques du monde
2026-05-02,20:30,23:00,stade_france,Fally Ipupa J1,concert,stadefrance.com,OUI,Concert stade Fally 20h30 standard
2026-05-03,10:00,19:00,porte_versailles,Foire de Paris 2026,salon,viparis.com,OUI,Foire grand public jour 4
2026-05-03,20:00,23:00,bercy_arena,Tame Impala,concert,fnacspectacles.com,OUI,Deadbeat Tour 20h-23h confirmé Bandsintown
2026-05-03,20:00,23:00,stade_france,Fally Ipupa - 20 ans de carriere,concert,stadefrance.com,OUI,Jour 2 date supplementaire
2026-05-03,20:30,23:00,stade_france,Fally Ipupa J2,concert,stadefrance.com,OUI,Concert stade jour 2
2026-05-04,10:00,19:00,porte_versailles,Foire de Paris 2026,salon,viparis.com,OUI,Foire grand public jour 5
2026-05-04,20:00,22:00,olympia,Concert variete francaise,concert,olympiahall.com,APPROX,Programmation a verifier
2026-05-04,20:00,22:00,philharmonie,Musique de chambre Schubert,concert,philharmoniedeparis.fr,OUI,Classique programmation officielle
2026-05-04,20:00,22:00,seine_musicale,Musique de chambre Schubert,concert,laseinemusicale.com,OUI,Classique
2026-05-05,10:00,19:00,porte_versailles,Foire de Paris 2026,salon,viparis.com,OUI,Foire grand public jour 6
2026-05-05,20:00,22:30,zenith,Mitski - Nothing About to Happen,concert,le-zenith.com,OUI,Rock indie US
2026-05-06,10:00,19:00,porte_versailles,Foire de Paris 2026,salon,viparis.com,OUI,Foire grand public jour 7
2026-05-06,20:00,22:30,seine_musicale,Cycle Rachmaninov #2,concert,otbb.org,OUI,Classique Pasdeloup
2026-05-06,20:00,22:00,seine_musicale,Cycle Rachmaninov,concert,laseinemusicale.com,OUI,Classique
2026-05-07,10:00,19:00,porte_versailles,Foire de Paris 2026,salon,viparis.com,OUI,Foire grand public jour 8
2026-05-08,10:00,22:00,grand_palais,Matisse 1941-1954 - Nocturne vendredi,exposition,grandpalais.fr,OUI,Nocturne ven 22h
2026-05-08,10:00,19:00,porte_versailles,Foire de Paris 2026,salon,viparis.com,OUI,Foire grand public weekend
2026-05-08,19:00,22:00,fondation_lv,Nocturne Calder #1,exposition,fondationlouisvuitton.fr,OUI,Nocturne vendredi musicale 22h fermeture
2026-05-08,20:00,23:00,fondation_lv,Calder - Nocturne Calder #1,exposition,fondationlouisvuitton.fr,OUI,Soiree nocturne musicale
2026-05-08,20:00,22:30,zenith,Concert jeux vidéo,spectacle,offi.fr,APPROX,Musique standard
2026-05-09,10:00,19:00,porte_versailles,Foire de Paris 2026,salon,viparis.com,OUI,Foire grand public weekend
2026-05-09,20:00,22:30,adidas_arena,Rufus Du Sol,concert,adidasarena.com,OUI,Electro jour 1
2026-05-09,20:00,22:30,cigale,Beat - Talents Adami,concert,lacigale.fr,APPROX,Découverte
2026-05-10,10:00,19:00,porte_versailles,Foire de Paris 2026,salon,viparis.com,OUI,Foire grand public dernier jour
2026-05-10,17:00,19:30,bercy_arena,Hockey France - Canada,sport,accorarena.com,OUI,Match international hockey dimanche
2026-05-10,20:00,22:30,adidas_arena,Rufus Du Sol,concert,adidasarena.com,OUI,Electro jour 2
2026-05-10,20:00,23:00,defense_arena,Concert TBA,concert,parisladefense-arena.com,APPROX,Date à confirmer venue
2026-05-10,20:00,22:30,zenith,Concert électro,concert,offi.fr,APPROX,Electro standard
2026-05-10,21:05,23:05,defense_arena,Racing 92 - Top 14,sport,parisladefense-arena.com,OUI,Match rugby
2026-05-11,10:00,19:00,porte_versailles,Foire de Paris 2026,salon,viparis.com,OUI,Foire grand public dernier jour
2026-05-11,20:00,22:00,philharmonie,Orchestre de Paris,concert,philharmoniedeparis.fr,APPROX,Verifier programmation
2026-05-12,20:00,22:00,bataclan,Concert rock,concert,bataclan.fr,APPROX,Rock standard
2026-05-12,20:00,22:30,bercy_arena,NE-YO & Akon - Nights Like This Tour,concert,accorarena.com,OUI,R&B américain
2026-05-12,20:00,22:00,salle_pleyel,Concert,concert,sallepleyel.com,APPROX,Verifier programmation
2026-05-12,20:00,22:00,seine_musicale,Destinées Orchestre Pasdeloup J1,concert,otbb.org,OUI,Classique romantique
2026-05-12,20:00,22:30,zenith,Concert pop,concert,offi.fr,APPROX,Pop standard
2026-05-13,20:00,22:00,bataclan,Concert rap,concert,bataclan.fr,APPROX,Rap standard
2026-05-13,20:00,22:30,trianon,Calogero - Acoustique,concert,letrianon.fr,OUI,Variété intimiste
2026-05-14,20:00,22:00,bataclan,Spectacle humour,spectacle,bataclan.fr,APPROX,Humour standard
2026-05-14,20:00,22:00,cigale,Concert,concert,lacigale.fr,APPROX,Verifier programmation
2026-05-14,20:00,22:00,olympia,Concert variete francaise,concert,olympiahall.com,APPROX,Salle 1900 places programmation a verifier
2026-05-14,20:00,22:30,zenith,Etienne Daho,concert,le-zenith.com,OUI,Chanson francaise jour 1
2026-05-15,10:00,22:00,grand_palais,Matisse 1941-1954 - Nocturne vendredi,exposition,grandpalais.fr,OUI,Nocturne ven 22h
2026-05-15,20:00,22:00,bataclan,Hubert-Felix Thiéfaine,concert,bataclan.fr,OUI,Chanson rock
2026-05-15,20:00,22:00,olympia,Concert variete francaise,concert,olympiahall.com,APPROX,Programmation a verifier
2026-05-15,20:00,22:00,seine_musicale,Destinees - Orchestre Pasdeloup J2,concert,laseinemusicale.com,OUI,Classique romantique
2026-05-15,20:00,23:00,stade_france,Jul - Terre Connue,concert,stadefrance.com,OUI,Rap marseillais jour 1
2026-05-15,20:00,22:30,zenith,Étienne Daho J2,concert,offi.fr,OUI,Chanson jour 2
2026-05-16,13:30,18:45,auteuil,Grand Steeple-Chase de Paris,course,france-galop.com,OUI,Course majeure obstacle
2026-05-16,20:00,22:30,bercy_arena,TWICE - This Is For World Tour,concert,accorarena.com,OUI,K-pop jour 1
2026-05-16,20:00,23:00,defense_arena,Concert TBA,concert,parisladefense-arena.com,APPROX,Date à confirmer
2026-05-16,20:00,23:00,stade_france,Jul - Terre Connue,concert,stadefrance.com,OUI,Rap marseillais jour 2
2026-05-16,20:00,22:30,zenith,Étienne Daho J3,concert,offi.fr,OUI,Chanson jour 3
2026-05-16,21:00,23:00,defense_arena,Racing 92 - Top 14,sport,parisladefense-arena.com,OUI,Match rugby
2026-05-17,13:30,18:45,auteuil,Grand Steeple-Chase weekend,course,france-galop.com,OUI,Reunion suite
2026-05-17,18:00,21:00,zenith,Concert metal,concert,offi.fr,APPROX,Metal début plus tôt
2026-05-17,20:00,22:30,bercy_arena,TWICE - This Is For World Tour J2,concert,accorarena.com,OUI,K-pop jour 2
2026-05-18,10:00,18:00,roland_garros,Roland-Garros 2026 - Qualifications J1,sport,rolandgarros.com,OUI,Qualifications jour 1
2026-05-18,11:00,19:00,roland_garros,Roland-Garros 2026 Qualifs J1,sport,rolandgarros.com,OUI,Qualifs jour 1
2026-05-18,20:00,22:30,adidas_arena,Conan Gray,concert,adidasarena.com,OUI,Pop indie jour 1
2026-05-19,09:30,18:00,porte_versailles,SantExpo 2026,salon,viparis.com,OUI,Sante professionnel jour 1
2026-05-19,10:00,18:00,roland_garros,Roland-Garros 2026 - Qualifications J2,sport,rolandgarros.com,OUI,Qualifications jour 2
2026-05-19,11:00,19:00,roland_garros,Roland-Garros 2026 Qualifs J2,sport,rolandgarros.com,OUI,Qualifs jour 2
2026-05-19,20:00,22:30,adidas_arena,Conan Gray,concert,adidasarena.com,OUI,Pop indie jour 2
2026-05-19,20:00,22:00,bataclan,Concert,concert,bataclan.fr,APPROX,Standard
2026-05-20,09:30,18:00,porte_versailles,SantExpo 2026,salon,viparis.com,OUI,Sante professionnel jour 2
2026-05-20,10:00,18:00,roland_garros,Roland-Garros 2026 - Qualifications J3,sport,rolandgarros.com,OUI,Qualifications jour 3
2026-05-20,11:00,19:00,roland_garros,Roland-Garros 2026 Qualifs J3,sport,rolandgarros.com,OUI,Qualifs jour 3
2026-05-21,09:30,18:00,porte_versailles,SantExpo 2026,salon,viparis.com,OUI,Sante professionnel jour 3 dernier
2026-05-21,10:00,18:00,roland_garros,Roland-Garros 2026 - Qualifications J4,sport,rolandgarros.com,OUI,Qualifications jour 4
2026-05-21,11:00,19:00,roland_garros,Roland-Garros 2026 Qualifs J4,sport,rolandgarros.com,OUI,Qualifs jour 4
2026-05-21,13:30,18:45,longchamp,Prix d'Ispahan,course,france-galop.com,OUI,Groupe 1 plat
2026-05-21,20:00,22:00,bataclan,Concert rock,concert,bataclan.fr,APPROX,Verifier programmation officielle
2026-05-21,20:00,22:00,philharmonie,Recital piano,concert,philharmoniedeparis.fr,APPROX,Verifier programmation
2026-05-22,10:00,22:00,grand_palais,Matisse 1941-1954 - Nocturne vendredi,exposition,grandpalais.fr,OUI,Nocturne ven 22h
2026-05-22,10:00,18:00,roland_garros,Roland-Garros 2026 - Qualifications J5,sport,rolandgarros.com,OUI,Qualifications jour 5
2026-05-22,11:00,23:00,fondation_lv,Calder - Rever en equilibre - Nocturne,exposition,fondationlouisvuitton.fr,OUI,Nocturne ven 23h
2026-05-22,11:00,19:00,roland_garros,Roland-Garros 2026 Qualifs J5,sport,rolandgarros.com,OUI,Qualifs jour 5
2026-05-22,18:00,22:30,defense_arena,Rocket League Championship Series J1,sport,parisladefense-arena.com,OUI,Esport finales
2026-05-22,20:00,22:30,adidas_arena,Madison Beer - Tour,concert,adidasarena.com,OUI,Pop
2026-05-22,20:00,22:00,bataclan,Therapie TAXI - Reunion,concert,bataclan.fr,OUI,Pop rock retour
2026-05-22,20:00,22:00,trianon,Concert,concert,letrianon.fr,APPROX,Verifier programmation
2026-05-22,21:00,23:00,stade_france,Finale Coupe de France de football,sport,stadefrance.com,OUI,Finale annuelle Coupe France
2026-05-23,10:00,18:00,roland_garros,Roland-Garros 2026 - Qualifications J6,sport,rolandgarros.com,OUI,Qualifications jour 6 dernier
2026-05-23,18:00,22:30,defense_arena,Rocket League Championship Series J2,sport,parisladefense-arena.com,OUI,Esport jour 2
2026-05-23,19:00,23:30,fondation_lv,Nuit des Musées 2026,exposition,paris.fr,OUI,Nocturne 22e édition gratuit jusqu'à 23h30
2026-05-23,19:00,23:30,fondation_lv,Nuit europeenne des Musees,exposition,fondationlouisvuitton.fr,OUI,Nocturne 22e edition gratuite
2026-05-23,19:30,22:00,bataclan,Lani Rabah,concert,bataclan.fr,APPROX,Musiques du monde
2026-05-23,20:00,22:00,bercy_arena,Finales Coupe France Handball J1,sport,accorarena.com,OUI,Finales handball samedi
2026-05-24,11:00,22:00,roland_garros,Roland-Garros 2026 Tableau Principal J1,sport,rolandgarros.com,OUI,Début tableau principal Night Session 22h
2026-05-24,15:00,17:30,bercy_arena,Finales Coupe France Handball J2,sport,accorarena.com,OUI,Finales dimanche après-midi
2026-05-24,18:00,22:30,defense_arena,Rocket League Championship Series J3,sport,parisladefense-arena.com,OUI,Esport finales jour 3
2026-05-24,20:00,22:00,bataclan,Concert,concert,bataclan.fr,APPROX,Standard
2026-05-24,20:00,22:15,bercy_arena,Finales Coupe France Handball + Showcase Jenifer,sport,accorarena.com,OUI,Finales jour 2 + showcase
2026-05-24,20:15,22:45,roland_garros,Roland-Garros 2026 - Night Session J1,sport,rolandgarros.com,OUI,Night Session court Philippe-Chatrier
2026-05-25,11:00,22:00,roland_garros,Roland-Garros 2026 J2,sport,rolandgarros.com,OUI,1er tour Night Session
2026-05-25,11:00,19:00,roland_garros,Roland-Garros 2026 - Tableau Principal J2,sport,rolandgarros.com,OUI,Tableau principal jour 2 day session
2026-05-25,20:15,22:45,roland_garros,Roland-Garros 2026 - Night Session J2,sport,rolandgarros.com,OUI,Night Session court Philippe-Chatrier
2026-05-26,11:00,22:00,roland_garros,Roland-Garros 2026 J3,sport,rolandgarros.com,OUI,1er tour Night Session
2026-05-26,11:00,19:00,roland_garros,Roland-Garros 2026 - Tableau Principal J3,sport,rolandgarros.com,OUI,Tableau principal jour 3 day session
2026-05-26,20:15,22:45,roland_garros,Roland-Garros 2026 - Night Session J3,sport,rolandgarros.com,OUI,Night Session court Philippe-Chatrier
2026-05-27,11:00,22:00,roland_garros,Roland-Garros 2026 J4,sport,rolandgarros.com,OUI,1er tour Night Session
2026-05-27,11:00,19:00,roland_garros,Roland-Garros 2026 - Tableau Principal J4,sport,rolandgarros.com,OUI,Tableau principal jour 4 day session
2026-05-27,20:00,22:30,adidas_arena,Zucchero,concert,adidasarena.com,OUI,Variete italienne
2026-05-27,20:00,22:15,bercy_arena,PSG Hand vs HBC Nantes,sport,accorarena.com,OUI,Handball Liqui Moly Starligue
2026-05-27,20:15,22:45,roland_garros,Roland-Garros 2026 - Night Session J4,sport,rolandgarros.com,OUI,Night Session court Philippe-Chatrier
2026-05-28,11:00,22:00,roland_garros,Roland-Garros 2026 J5,sport,rolandgarros.com,OUI,2e tour Night Session
2026-05-28,11:00,19:00,roland_garros,Roland-Garros 2026 - Tableau Principal J5,sport,rolandgarros.com,OUI,Tableau principal jour 5 day session
2026-05-28,20:00,22:00,bataclan,Concert pop,concert,bataclan.fr,APPROX,Verifier programmation
2026-05-28,20:00,22:30,defense_arena,Damso - Beyah Tour,concert,parisladefense-arena.com,OUI,Rap belge jour 1
2026-05-28,20:15,22:45,roland_garros,Roland-Garros 2026 - Night Session J5,sport,rolandgarros.com,OUI,Night Session court Philippe-Chatrier
2026-05-29,10:00,22:00,grand_palais,Matisse 1941-1954 - Nocturne vendredi,exposition,grandpalais.fr,OUI,Nocturne ven 22h
2026-05-29,11:00,22:00,roland_garros,Roland-Garros 2026 J6,sport,rolandgarros.com,OUI,2e tour Night Session
2026-05-29,11:00,19:00,roland_garros,Roland-Garros 2026 - Tableau Principal J6,sport,rolandgarros.com,OUI,Tableau principal jour 6 day session
2026-05-29,20:00,22:30,bercy_arena,Bouss,concert,accorarena.com,OUI,Jour 1
2026-05-29,20:00,22:30,defense_arena,Damso - Beyah Tour,concert,parisladefense-arena.com,OUI,Rap belge jour 2
2026-05-29,20:00,23:00,stade_france,Aya Nakamura,concert,stadefrance.com,OUI,Pop francaise jour 1
2026-05-29,20:15,22:45,roland_garros,Roland-Garros 2026 - Night Session J6,sport,rolandgarros.com,OUI,Night Session court Philippe-Chatrier
2026-05-30,11:00,22:00,roland_garros,Roland-Garros 2026 J7,sport,rolandgarros.com,OUI,3e tour Night Session
2026-05-30,11:00,19:00,roland_garros,Roland-Garros 2026 - Tableau Principal J7,sport,rolandgarros.com,OUI,Tableau principal jour 7 day session
2026-05-30,20:00,22:30,bercy_arena,Bouss,concert,accorarena.com,OUI,Jour 2
2026-05-30,20:00,22:30,defense_arena,Damso - Beyah Tour,concert,parisladefense-arena.com,OUI,Rap belge jour 3
2026-05-30,20:00,23:00,stade_france,Aya Nakamura,concert,stadefrance.com,OUI,Pop francaise jour 2
2026-05-30,20:15,22:45,roland_garros,Roland-Garros 2026 - Night Session J7,sport,rolandgarros.com,OUI,Night Session court Philippe-Chatrier
2026-05-31,11:00,22:00,roland_garros,Roland-Garros 2026 J8,sport,rolandgarros.com,OUI,3e tour Night Session
2026-05-31,11:00,19:00,roland_garros,Roland-Garros 2026 - Tableau Principal J8,sport,rolandgarros.com,OUI,Tableau principal jour 8 day session
2026-05-31,13:30,18:45,saint_cloud,Prix du Jockey Club Chantilly (a Saint-Cloud),course,france-galop.com,APPROX,"A Chantilly normalement, verifier"
2026-05-31,20:00,22:30,defense_arena,Damso - Beyah Tour,concert,parisladefense-arena.com,OUI,Rap belge jour 4 dernier
2026-05-31,20:00,23:00,stade_france,Aya Nakamura,concert,stadefrance.com,OUI,Pop francaise jour 3
2026-05-31,20:15,22:45,roland_garros,Roland-Garros 2026 - Night Session J8,sport,rolandgarros.com,OUI,Night Session court Philippe-Chatrier
2026-06-01,11:00,22:00,roland_garros,Roland-Garros 2026 J9,sport,rolandgarros.com,OUI,4e tour
2026-06-01,11:00,19:00,roland_garros,Roland-Garros 2026 - Tableau Principal J9,sport,rolandgarros.com,OUI,Tableau principal jour 9 day session
2026-06-01,20:15,22:45,roland_garros,Roland-Garros 2026 - Night Session J9,sport,rolandgarros.com,OUI,Night Session court Philippe-Chatrier
2026-06-02,11:00,22:00,roland_garros,Roland-Garros 2026 J10,sport,rolandgarros.com,OUI,4e tour
2026-06-02,11:00,19:00,roland_garros,Roland-Garros 2026 - Tableau Principal J10,sport,rolandgarros.com,OUI,Tableau principal jour 10 day session
2026-06-02,20:15,22:45,roland_garros,Roland-Garros 2026 - Night Session J10,sport,rolandgarros.com,OUI,Night Session court Philippe-Chatrier
2026-06-03,11:00,22:00,roland_garros,Roland-Garros 2026 J11 Quarts,sport,rolandgarros.com,OUI,Quarts de finale Night Session
2026-06-03,11:00,19:00,roland_garros,Roland-Garros 2026 - Tableau Principal J11,sport,rolandgarros.com,OUI,Tableau principal jour 11 day session
2026-06-03,20:00,22:00,olympia,Concert artiste international,concert,olympiahall.com,APPROX,Programmation a verifier
2026-06-03,20:15,22:45,roland_garros,Roland-Garros 2026 - Night Session J11,sport,rolandgarros.com,OUI,Night Session court Philippe-Chatrier
2026-06-04,11:00,22:00,roland_garros,Roland-Garros 2026 J12 Quarts,sport,rolandgarros.com,OUI,Quarts de finale Night Session
2026-06-04,11:00,19:00,roland_garros,Roland-Garros 2026 - Tableau Principal J12,sport,rolandgarros.com,OUI,Tableau principal jour 12 day session
2026-06-04,20:00,22:00,bataclan,Concert indie,concert,bataclan.fr,APPROX,Verifier programmation
2026-06-04,20:00,22:00,philharmonie,Orchestre symphonique,concert,philharmoniedeparis.fr,APPROX,Verifier programmation
2026-06-04,20:15,22:45,roland_garros,Roland-Garros 2026 - Night Session J12,sport,rolandgarros.com,OUI,Night Session court Philippe-Chatrier
2026-06-05,10:00,22:00,grand_palais,Matisse 1941-1954 - Nocturne vendredi,exposition,grandpalais.fr,OUI,Nocturne ven 22h
2026-06-05,11:00,23:00,fondation_lv,Calder - Rever en equilibre - Nocturne,exposition,fondationlouisvuitton.fr,OUI,Nocturne ven 23h
2026-06-05,11:00,19:00,roland_garros,Roland-Garros 2026 - Tableau Principal J13,sport,rolandgarros.com,OUI,Tableau principal jour 13 day session
2026-06-05,13:00,22:00,roland_garros,Roland-Garros 2026 J13 Demis Dames,sport,rolandgarros.com,OUI,Demi-finales dames jour
2026-06-05,14:00,22:00,bois_vincennes,We Love Green 2026 J1 Gorillaz,festival,welovegreen.fr,OUI,Festival Bois Vincennes 14h-22h Gorillaz
2026-06-05,14:00,22:00,bois_vincennes,We Love Green 2026,festival,welovegreen.fr,OUI,Festival ecolo jour 1
2026-06-05,14:00,21:00,roland_garros,Roland-Garros 2026 - Demi-Finales Messieurs,sport,rolandgarros.com,OUI,Demi-finales hommes
2026-06-05,20:00,22:30,bercy_arena,Lynda,concert,accorarena.com,OUI,RnB soul franco-algerienne
2026-06-05,20:00,22:00,cigale,Concert,concert,lacigale.fr,APPROX,Verifier programmation
2026-06-06,11:00,19:00,roland_garros,Roland-Garros 2026 - Tableau Principal J14,sport,rolandgarros.com,OUI,Tableau principal jour 14 day session
2026-06-06,13:00,22:00,roland_garros,Roland-Garros 2026 J14 Demis Hommes,sport,rolandgarros.com,OUI,Demi-finales hommes
2026-06-06,14:00,22:00,bois_vincennes,We Love Green 2026 J2,festival,welovegreen.fr,OUI,Festival jour 2 Addison Rae Theodora
2026-06-06,15:00,18:00,roland_garros,Roland-Garros 2026 - Finale Dames,sport,rolandgarros.com,OUI,Finale femmes 15h
2026-06-06,21:05,23:05,defense_arena,Racing 92 - Top 14 Finale Phase Reguliere,sport,parisladefense-arena.com,OUI,Match rugby
2026-06-07,11:00,19:00,roland_garros,Roland-Garros 2026 - Tableau Principal J15,sport,rolandgarros.com,OUI,Tableau principal jour 15 day session
2026-06-07,14:00,22:00,bois_vincennes,We Love Green 2026 J3 The xx,festival,welovegreen.fr,OUI,Festival dernier jour The xx
2026-06-07,14:00,22:00,bois_vincennes,We Love Green 2026,festival,welovegreen.fr,OUI,Jour 3
2026-06-07,15:00,18:00,roland_garros,Roland-Garros 2026 Finale Hommes,sport,rolandgarros.com,OUI,Finale hommes 15h-18h record taxi
2026-06-07,15:00,18:00,roland_garros,Roland-Garros 2026 - Finale Messieurs,sport,rolandgarros.com,OUI,Finale hommes 15h
2026-06-08,09:00,18:00,porte_versailles,Salon Alimentation Restauration,salon,viparis.com,OUI,Jour 2
2026-06-08,20:00,22:30,adidas_arena,FKA Twigs - Body High,concert,adidasarena.com,OUI,Pop experimentale jour 1
2026-06-08,20:00,23:00,bercy_arena,WWE Monday Night Raw,sport,accorarena.com,OUI,"Catch direct USA, premier RAW Paris"
2026-06-09,09:00,18:00,porte_versailles,Salon Alimentation Restauration,salon,viparis.com,OUI,Jour 3
2026-06-09,20:00,22:30,bercy_arena,Doja Cat - Ma Vie World Tour,concert,accorarena.com,OUI,Pop superstar tournee mondiale
2026-06-09,20:30,22:30,bataclan,Concert,concert,bataclan.fr,OUI,Concert
2026-06-10,20:00,22:00,philharmonie,Orchestre de Paris - Klaus Mäkelä,concert,philharmoniedeparis.fr,OUI,Direction musicale
2026-06-10,20:00,22:00,salle_pleyel,Concert,concert,sallepleyel.com,APPROX,Verifier programmation
2026-06-11,10:00,19:00,porte_versailles,VivaTech 2026,salon,viparis.com,OUI,Tech mondial 150k visiteurs
2026-06-11,20:00,22:00,bataclan,Concert rap,concert,bataclan.fr,APPROX,Verifier programmation
2026-06-11,20:00,22:00,philharmonie,Concert de Gala,concert,philharmoniedeparis.fr,OUI,Événement saison
2026-06-11,20:00,23:00,stade_france,David Guetta,concert,stadefrance.com,OUI,DJ francais jour 1
2026-06-12,09:30,18:00,porte_versailles,VivaTech 2026,salon,viparis.com,OUI,Tech jour 2
2026-06-12,10:00,22:00,grand_palais,Matisse 1941-1954 - Nocturne vendredi,exposition,grandpalais.fr,OUI,Nocturne ven 22h
2026-06-12,20:00,22:30,defense_arena,Kalash - Anniversaire,concert,parisladefense-arena.com,OUI,Rap martiniquais celebration
2026-06-12,20:00,22:00,philharmonie,Britten - War Requiem,concert,philharmoniedeparis.fr,OUI,Œuvre majeure
2026-06-12,20:00,23:00,stade_france,David Guetta,concert,stadefrance.com,OUI,DJ francais jour 2
2026-06-12,20:00,22:00,trianon,Concert,concert,letrianon.fr,APPROX,Verifier programmation
2026-06-12,20:30,22:30,bataclan,Concert,concert,bataclan.fr,OUI,Concert
2026-06-13,09:30,18:00,porte_versailles,VivaTech 2026,salon,viparis.com,OUI,Tech jour 3 grand public
2026-06-13,11:00,19:00,bercy_arena,Tournoi de Paris de Sumo,sport,accorarena.com,OUI,Premier tournoi Sumo Paris jour 1
2026-06-13,19:45,22:00,bercy_arena,MUFG Tournoi de Paris de Sumo,sport,accorarena.com,OUI,Premier événement Sumo Paris
2026-06-13,20:00,23:00,grand_palais,Grand Palais été - Némo Flouret Fireworks,spectacle,grandpalais.fr,OUI,Performance
2026-06-13,20:00,22:00,olympia,Jack White,concert,sortiraparis.com,OUI,Rock garage
2026-06-13,20:00,23:00,stade_france,David Guetta,concert,stadefrance.com,OUI,DJ francais jour 3
2026-06-13,20:30,22:30,seine_musicale,The Rose - Rosetopia Tour,concert,infoconcert.com,OUI,K-pop rock
2026-06-14,10:00,19:00,porte_versailles,VivaTech 2026,salon,viparis.com,OUI,Jour 4
2026-06-14,11:00,19:00,bercy_arena,Tournoi de Paris de Sumo,sport,accorarena.com,OUI,Sumo jour 2
2026-06-14,13:30,18:45,longchamp,Prix de Diane Longines (a Chantilly),course,france-galop.com,OUI,Hippodrome Chantilly hors Paris mais grosse course
2026-06-14,19:30,22:30,stade_france,David Guetta,concert,stadefrance.com,OUI,Jour 2
2026-06-14,19:45,22:00,bercy_arena,MUFG Tournoi de Paris de Sumo,sport,accorarena.com,OUI,Jour 2
2026-06-14,20:00,22:00,olympia,Jack White,concert,sortiraparis.com,OUI,Jour 2
2026-06-15,19:30,22:30,stade_france,David Guetta,concert,stadefrance.com,OUI,Jour 3
2026-06-15,20:00,22:00,olympia,Concert chanson francaise,concert,olympiahall.com,APPROX,Programmation a verifier
2026-06-16,20:00,22:30,bercy_arena,The Smashing Pumpkins - The World Is A Vampire,concert,offi.fr,OUI,Rock alternatif
2026-06-16,20:00,22:30,bercy_arena,Kaytranada,concert,accorarena.com,OUI,DJ haitiano-canadien electro
2026-06-16,20:00,22:00,olympia,Florent Pagny,concert,sortiraparis.com,OUI,20 dates retour scène
2026-06-17,20:00,22:30,bercy_arena,Olivia Dean,concert,accorarena.com,OUI,Soul moderne UK
2026-06-17,20:00,22:00,olympia,Dogstar,concert,sortiraparis.com,OUI,Rock Keanu Reeves
2026-06-18,19:30,22:30,stade_france,Bruno Mars - The Romantic Tour,concert,stadefrance.com,OUI,Pop superstar
2026-06-18,20:00,22:30,bercy_arena,Cypress Hill + DJ Premier,concert,accorarena.com,OUI,Hip-hop legends
2026-06-18,20:00,22:00,olympia,Florent Pagny,concert,sortiraparis.com,OUI,Jour 2
2026-06-18,20:00,23:00,stade_france,Bruno Mars,concert,stadefrance.com,OUI,Pop superstar jour 1
2026-06-19,10:00,22:00,grand_palais,Matisse 1941-1954 - Nocturne vendredi,exposition,grandpalais.fr,OUI,Nocturne ven 22h
2026-06-19,11:00,23:00,fondation_lv,Calder - Rever en equilibre - Nocturne,exposition,fondationlouisvuitton.fr,OUI,Nocturne ven 23h
2026-06-19,20:00,22:30,bercy_arena,Singuila,concert,accorarena.com,OUI,RnB francais
2026-06-19,20:00,22:30,defense_arena,Foo Fighters,concert,parisladefense-arena.com,OUI,Rock USA premier passage Defense
2026-06-19,20:00,22:00,olympia,Florent Pagny,concert,sortiraparis.com,OUI,Jour 3
2026-06-20,19:30,22:30,stade_france,Bruno Mars - The Romantic Tour,concert,stadefrance.com,OUI,Jour 2
2026-06-20,20:00,23:00,grand_palais,Grand Palais été - Hélder Gonçalves,concert,grandpalais.fr,OUI,Fado
2026-06-20,20:00,23:00,stade_france,Bruno Mars,concert,stadefrance.com,OUI,Pop superstar jour 2
2026-06-21,10:00,19:30,grand_palais,Nan Goldin Dernière Semaine,exposition,grandpalais.fr,OUI,Dernière semaine This Will Not End Well
2026-06-21,19:00,01:00,paris,Fete de la Musique 2026,festival,paris.fr,OUI,Toute la ville fête musique partout 19h-1h
2026-06-21,19:30,22:30,stade_france,Bruno Mars - The Romantic Tour,concert,stadefrance.com,OUI,Jour 3
2026-06-21,20:00,23:00,stade_france,Bruno Mars,concert,stadefrance.com,OUI,Pop superstar jour 3
2026-06-22,20:00,22:30,defense_arena,Iron Maiden - Run For Your Lives,concert,parisladefense-arena.com,OUI,Heavy metal
2026-06-22,20:00,23:00,defense_arena,Iron Maiden - Run For Your Lives World Tour,concert,parisladefense-arena.com,OUI,Heavy metal legendaire
2026-06-23,20:00,23:00,grand_palais,Grand Palais été - Cabaret,spectacle,grandpalais.fr,OUI,Sous la jupe du Grand Palais
2026-06-23,20:00,22:00,olympia,Florent Pagny,concert,sortiraparis.com,OUI,Jour 4
2026-06-24,20:00,22:00,olympia,Florent Pagny,concert,sortiraparis.com,OUI,Jour 5
2026-06-25,20:00,22:00,olympia,Gautier Capuçon - Symphonique,concert,agendaculturel.fr,OUI,Classique
2026-06-26,10:00,22:00,grand_palais,Matisse 1941-1954 - Nocturne vendredi,exposition,grandpalais.fr,OUI,Nocturne ven 22h
2026-06-26,17:00,23:00,longchamp,Solidays 2026 J1 Vendredi,festival,paris.fr,OUI,Hippodrome Longchamp 17h-23h CONFIRMÉ Ville Paris
2026-06-26,17:00,23:00,longchamp,Solidays 2026,festival,solidays.org,OUI,Festival sida vendredi
2026-06-26,20:00,22:30,defense_arena,Concert TBA,concert,parisladefense-arena.com,OUI,Date confirmée
2026-06-26,20:00,22:00,olympia,Florent Pagny,concert,sortiraparis.com,OUI,Jour 6
2026-06-27,14:00,23:00,longchamp,Solidays 2026 J2 Samedi Orelsan,festival,paris.fr,OUI,Samedi 14h-23h CONFIRMÉ Orelsan cloture
2026-06-27,14:00,23:00,longchamp,Solidays 2026,festival,solidays.org,OUI,Samedi
2026-06-27,20:00,22:30,defense_arena,Concert TBA,concert,parisladefense-arena.com,OUI,Jour 2
2026-06-27,20:00,22:00,olympia,Florent Pagny,concert,sortiraparis.com,OUI,Jour 7
2026-06-27,20:30,23:30,grand_palais,Grand Palais été - Lucie Antunes 100 batteries,concert,grandpalais.fr,OUI,Symphonie
2026-06-27,20:30,22:30,philharmonie,Festival Days Off - Snarky Puppy,concert,philharmoniedeparis.fr,OUI,Jazz orchestral
2026-06-27,20:30,22:30,stade_france,Finale Top 14,sport,stadefrance.com,OUI,Bouclier de Brennus rugby
2026-06-27,21:00,23:30,stade_france,Finale Top 14 Rugby,sport,stadefrance.com,OUI,Bouclier de Brennus
2026-06-28,14:00,23:00,longchamp,Solidays 2026 J3 Dimanche Gims,festival,paris.fr,OUI,Dimanche 14h-23h CONFIRMÉ
2026-06-28,14:00,23:00,longchamp,Solidays 2026,festival,solidays.org,OUI,Dimanche
2026-06-28,19:00,21:00,olympia,Florent Pagny,concert,sortiraparis.com,OUI,Jour 8
2026-06-28,20:00,22:30,defense_arena,Concert TBA,concert,parisladefense-arena.com,OUI,Jour 3
2026-06-28,20:30,22:30,philharmonie,Festival Days Off - AURORA + Tom Rowlands,concert,philharmoniedeparis.fr,OUI,Pop électro
2026-06-29,20:00,22:00,olympia,All Them Witches + SLIFT,concert,sortiraparis.com,OUI,Heavy psych
2026-06-29,20:30,22:30,philharmonie,Festival Days Off,concert,philharmoniedeparis.fr,OUI,Jour 3
2026-06-30,20:00,22:00,olympia,Céleste,concert,agendaculturel.fr,OUI,Soul moderne
2026-06-30,20:30,22:30,philharmonie,Festival Days Off - Selah Sue,concert,philharmoniedeparis.fr,OUI,Soul funk
2026-07-01,20:00,22:30,adidas_arena,Robyn,concert,infoconcert.com,OUI,Pop suédoise
2026-07-01,20:00,22:30,bercy_arena,Scorpions - Coming Home Tour,concert,accorarena.com,OUI,Rock 60 ans de carrière
2026-07-01,20:00,23:00,bercy_arena,Guns N' Roses - World Tour,concert,accorarena.com,OUI,Hard rock jour 1
2026-07-01,20:00,22:00,olympia,Florent Pagny,concert,sortiraparis.com,OUI,Jour 9
2026-07-01,20:00,22:30,zenith,Concert,concert,zenith-paris.com,OUI,Date confirmée
2026-07-01,20:30,22:30,philharmonie,Festival Days Off,concert,philharmoniedeparis.fr,OUI,Jour 5
2026-07-02,19:30,22:30,stade_france,System Of A Down,concert,stadefrance.com,OUI,Metal grand retour
2026-07-02,20:00,22:30,bercy_arena,Scorpions - Coming Home Tour,concert,accorarena.com,OUI,Rock jour 2
2026-07-02,20:30,22:30,philharmonie,Festival Days Off - Yerai Cortés / Tarta Relena,concert,philharmoniedeparis.fr,OUI,Flamenco
2026-07-03,10:00,22:00,grand_palais,Matisse 1941-1954 - Nocturne vendredi,exposition,grandpalais.fr,OUI,Nocturne ven 22h
2026-07-03,17:00,23:00,vincennes,Yardland Festival 2026 J1,festival,vincennes-hippodrome.com,OUI,Hip-hop Niska Franglish RSKO
2026-07-03,19:30,21:30,olympia,Ruben Blades & Roberto Delgado,concert,agendaculturel.fr,OUI,Salsa orchestrale
2026-07-03,20:00,22:30,bercy_arena,Scorpions - Coming Home Tour,concert,accorarena.com,OUI,Rock jour 3
2026-07-03,20:00,23:00,bercy_arena,Guns N' Roses - World Tour,concert,accorarena.com,OUI,Hard rock jour 2
2026-07-03,20:30,22:30,philharmonie,Festival Days Off - Alela Diane / Anaïs Rosso,concert,philharmoniedeparis.fr,OUI,Folk
2026-07-04,14:00,23:00,vincennes,Yardland Festival 2026 J2,festival,vincennes-hippodrome.com,OUI,Hip-hop Leto Ronisia Chily
2026-07-04,20:00,22:30,defense_arena,Bad Bunny - DeBÍ TiRAR MáS FOToS,concert,parisladefense-arena.com,OUI,Reggaeton latin
2026-07-04,20:00,23:00,defense_arena,Bad Bunny - DeBÍ TiRAR MáS FOToS World Tour,concert,parisladefense-arena.com,OUI,Reggaeton latin jour 1
2026-07-04,20:00,22:00,olympia,Florent Pagny,concert,sortiraparis.com,OUI,Jour 10
2026-07-04,20:00,23:00,stade_france,System of a Down,concert,stadefrance.com,OUI,Metal jour 2
2026-07-04,20:00,22:30,zenith,Concert,concert,zenith-paris.com,OUI,Été
2026-07-04,20:30,23:30,grand_palais,Grand Palais été - Plateau Raï After Nef,concert,grandpalais.fr,OUI,El Besta Aïta Acid Arab
2026-07-04,20:30,22:30,philharmonie,Festival Days Off - Hip Hop féminin,concert,philharmoniedeparis.fr,OUI,Trap électro
2026-07-05,10:00,19:00,porte_versailles,PRODAYS 2026,salon,viparis.com,OUI,Sport et vélos
2026-07-05,14:00,23:00,vincennes,Yardland Festival 2026 J3,festival,vincennes-hippodrome.com,OUI,Hip-hop dernier jour
2026-07-05,19:00,21:00,olympia,Florent Pagny,concert,sortiraparis.com,OUI,Jour 11
2026-07-05,20:00,22:30,defense_arena,Bad Bunny - DeBÍ TiRAR MáS FOToS,concert,parisladefense-arena.com,OUI,Jour 2
2026-07-05,20:00,23:00,defense_arena,Bad Bunny - DeBÍ TiRAR MáS FOToS World Tour,concert,parisladefense-arena.com,OUI,Reggaeton latin jour 2
2026-07-05,20:30,22:30,philharmonie,Festival Days Off - Clôture,concert,philharmoniedeparis.fr,OUI,Dernier jour
2026-07-06,10:00,19:00,porte_versailles,PRODAYS 2026,salon,viparis.com,OUI,Jour 2
2026-07-06,20:00,22:00,olympia,Florent Pagny,concert,sortiraparis.com,OUI,Jour 12
2026-07-07,10:00,19:00,porte_versailles,PRODAYS 2026,salon,viparis.com,OUI,Jour 3
2026-07-07,20:00,22:30,bercy_arena,Luke Combs,concert,accorarena.com,OUI,Country US
2026-07-08,19:00,22:00,grand_palais,Dead Leaf - Nassim Baddag,concert,grandpalais.fr,OUI,
2026-07-08,20:00,22:30,bercy_arena,Def Leppard + Extreme,concert,accorarena.com,OUI,Hard rock 80s
2026-07-08,20:00,23:00,stade_france,The Weeknd - After Hours Til Dawn,concert,stadefrance.com,OUI,RnB jour 1
2026-07-09,20:00,22:30,bercy_arena,Vulfpeck,concert,accorarena.com,OUI,Funk fusion
2026-07-09,20:00,22:00,olympia,Florent Pagny,concert,sortiraparis.com,OUI,Jour 13
2026-07-09,20:00,22:30,zenith,Concert,concert,zenith-paris.com,OUI,Été
2026-07-10,10:00,22:00,grand_palais,Matisse 1941-1954 - Nocturne vendredi,exposition,grandpalais.fr,OUI,Nocturne ven 22h
2026-07-10,10:00,19:00,porte_versailles,Salon Mode Textile,salon,viparis.com,OUI,Fashion
2026-07-10,18:00,06:00,vincennes,Peacock Society 2026 J1,festival,vincennes-hippodrome.com,OUI,Electro Busy P Boys Noize toute la nuit
2026-07-10,20:00,23:00,stade_france,The Weeknd - After Hours Til Dawn,concert,stadefrance.com,OUI,RnB jour 2
2026-07-11,10:00,19:00,porte_versailles,Salon Mode Textile,salon,viparis.com,OUI,Jour 2
2026-07-11,18:00,06:00,vincennes,Peacock Society 2026 J2,festival,vincennes-hippodrome.com,OUI,Electro Floating Points Channel Tres
2026-07-11,20:00,23:00,stade_france,The Weeknd - After Hours Til Dawn,concert,stadefrance.com,OUI,RnB jour 3
2026-07-12,19:30,22:30,stade_france,The Weeknd - After Hours Til Dawn,concert,stadefrance.com,OUI,Jour 4 date ultime
2026-07-14,13:30,18:45,longchamp,Grand Prix de Paris CYGAMES,course,france-galop.com,OUI,Groupe 1 fete nationale
2026-07-14,14:00,18:45,longchamp,CYGAMES Grand Prix de Paris,course,france-galop.com,OUI,Course Galop diurne 14h-18h45
2026-07-14,21:00,01:00,paris,Feux 14 Juillet Champ-de-Mars,festival,paris.fr,OUI,Feux artifice Tour Eiffel + concert 21h-1h
2026-07-15,20:00,22:30,adidas_arena,ZZ Top,concert,adidasarena.com,OUI,Blues rock legendes
2026-07-15,20:00,22:00,olympia,Florent Pagny,concert,sortiraparis.com,OUI,Jour 14
2026-07-16,20:00,22:00,olympia,Florent Pagny,concert,sortiraparis.com,OUI,Jour 15
2026-07-17,10:00,22:00,grand_palais,Matisse 1941-1954 - Nocturne vendredi,exposition,grandpalais.fr,OUI,Nocturne ven 22h
2026-07-17,20:00,22:30,adidas_arena,Scorpions,concert,adidasarena.com,APPROX,Conflit avec Bercy 17 juil verifier
2026-07-17,20:00,22:30,bercy_arena,Scorpions,concert,accorarena.com,OUI,Hard rock allemand
2026-07-17,20:00,23:00,stade_france,BTS,concert,stadefrance.com,OUI,K-pop tournee mondiale jour 1
2026-07-17,20:30,23:30,grand_palais,Grand Palais été - Eddy de Pretto Lonely Club,concert,grandpalais.fr,OUI,Pop électro
2026-07-18,20:00,22:00,olympia,Florent Pagny,concert,sortiraparis.com,OUI,Jour 16
2026-07-18,20:00,23:00,stade_france,BTS,concert,stadefrance.com,OUI,K-pop jour 2
2026-07-18,20:30,23:30,grand_palais,Grand Palais été - Eddy de Pretto Lonely Club,concert,grandpalais.fr,OUI,Jour 2
2026-07-19,19:00,21:00,olympia,Florent Pagny,concert,sortiraparis.com,OUI,Dernière date
2026-07-19,20:00,22:30,bercy_arena,Romeo Santos & Prince Royce,concert,sortiraparis.com,OUI,Bachata géants
2026-07-24,10:00,22:00,grand_palais,Matisse 1941-1954 - Nocturne vendredi,exposition,grandpalais.fr,OUI,Derniere nocturne avant cloture 26 juillet
2026-07-26,10:00,19:30,grand_palais,Matisse Dernière Semaine,exposition,grandpalais.fr,OUI,Dernière semaine rétrospective
2026-08-08,20:00,22:00,parc_princes,PSG ouverture saison,sport,psg.fr,OUI,Premier match domicile
2026-08-16,17:30,20:00,fondation_lv,Calder. Rêver en équilibre - Fermeture,exposition,fondationlouisvuitton.fr,OUI,Dernier jour expo
2026-08-22,21:00,23:00,parc_princes,PSG vs Adversaire L1 - J1,sport,psg.fr,APPROX,Premiere journee saison 2026-2027 verifier calendrier officiel
2026-08-26,12:00,01:00,saint_cloud,Rock en Seine 2026 J1,festival,paris.fr,OUI,Saint-Cloud 12h-1h CONFIRMÉ VisitParisRegion
2026-08-27,12:00,01:00,saint_cloud,Rock en Seine 2026 J2 Lorde Djo,festival,paris.fr,OUI,Saint-Cloud Lorde Djo Tash Sultana
2026-08-27,12:00,01:00,saint_cloud,Rock en Seine 2026,festival,rockenseine.com,OUI,Jour 2
2026-08-28,12:00,01:00,saint_cloud,Rock en Seine 2026 J3 Nick Cave,festival,paris.fr,OUI,Saint-Cloud Nick Cave Bad Seeds
2026-08-28,12:00,01:00,saint_cloud,Rock en Seine 2026,festival,rockenseine.com,OUI,Jour 3
2026-08-29,12:00,01:00,saint_cloud,Rock en Seine 2026 J4 Tyler The Creator,festival,paris.fr,OUI,Saint-Cloud Tyler The Creator
2026-08-29,12:00,01:00,saint_cloud,Rock en Seine 2026,festival,rockenseine.com,OUI,Jour 4
2026-08-30,12:00,01:00,saint_cloud,Rock en Seine 2026 J5 The Cure,festival,paris.fr,OUI,Saint-Cloud The Cure cloture
2026-08-30,12:00,01:00,saint_cloud,Rock en Seine 2026,festival,rockenseine.com,OUI,Jour 5 dernier
2026-09-04,09:30,19:00,villepinte,Maison & Objet Paris,salon,viparis.com,OUI,Salon design jour 1
2026-09-04,20:00,23:00,stade_france,PLK,concert,stadefrance.com,OUI,Rap premiere au Stade jour 1
2026-09-05,09:30,19:00,villepinte,Maison & Objet Paris,salon,viparis.com,OUI,Jour 2
2026-09-05,10:00,19:00,porte_versailles,Lingerie Swimwear Salon,salon,viparis.com,OUI,Mode
2026-09-05,19:30,22:30,stade_france,PLK,concert,stadefrance.com,OUI,Rap première au Stade
2026-09-06,09:30,19:00,villepinte,Maison & Objet Paris,salon,viparis.com,OUI,Jour 3
2026-09-06,18:30,21:00,grand_palais,Grand Palais été - Fermeture,exposition,grandpalais.fr,OUI,Dernier jour
2026-09-07,09:30,19:00,villepinte,Maison & Objet Paris,salon,viparis.com,OUI,Jour 4
2026-09-08,09:30,19:00,villepinte,Maison & Objet Paris,salon,viparis.com,OUI,Jour 5 dernier
2026-09-08,20:00,22:30,bercy_arena,Björk,concert,offi.fr,OUI,Pop expérimentale immersif
2026-09-08,20:00,22:30,bercy_arena,The Neighbourhood,concert,accorarena.com,OUI,Indie rock USA
2026-09-09,20:00,22:30,adidas_arena,Charlie Puth,concert,agendaculturel.fr,OUI,Pop intimiste
2026-09-09,20:00,22:00,philharmonie,Académie Orchestre de Paris,concert,philharmoniedeparis.fr,OUI,Symphonique
2026-09-10,10:30,19:00,villepinte,Maison & Objet,salon,cci-paris-idf.fr,OUI,Salon design
2026-09-10,20:00,22:30,adidas_arena,Charlie Puth,concert,agendaculturel.fr,OUI,Jour 2
2026-09-11,10:30,19:00,villepinte,Maison & Objet,salon,cci-paris-idf.fr,OUI,Jour 2
2026-09-11,20:00,22:00,olympia,Charlie Puth,concert,agendaculturel.fr,OUI,Pop
2026-09-11,20:00,22:30,zenith,Concert,concert,zenith-paris.com,OUI,Rentrée
2026-09-12,10:30,19:00,villepinte,Maison & Objet,salon,cci-paris-idf.fr,OUI,Jour 3
2026-09-12,19:30,22:00,defense_arena,Celine Dion Paris 2026 - Residence,concert,parisladefense-arena.com,OUI,Residence concert #1
2026-09-12,20:00,22:00,parc_princes,PSG vs Lyon,sport,psg.fr,OUI,Ligue 1
2026-09-12,20:00,22:00,salle_pleyel,Jacob Collier,concert,ticketmaster.com,OUI,Pop jazz superstar
2026-09-12,20:30,22:30,cigale,Mauvais Œil - Tournée,concert,lacigale.fr,OUI,Rap underground
2026-09-12,20:30,23:00,defense_arena,Céline Dion - Résidence Paris,concert,parisladefense-arena.com,OUI,Concert événement
2026-09-13,10:30,19:00,villepinte,Maison & Objet,salon,cci-paris-idf.fr,OUI,Jour 4
2026-09-13,14:00,18:00,vincennes,Journée Patrimoine Vincennes,course,letrot.com,OUI,Hippodrome Vincennes courses gratuites
2026-09-13,20:30,23:00,defense_arena,Céline Dion - Résidence Paris,concert,parisladefense-arena.com,OUI,Jour 2
2026-09-13,21:00,23:00,parc_princes,PSG - Match L1,sport,psg.fr,APPROX,Verifier calendrier officiel L1
2026-09-14,10:30,19:00,villepinte,Maison & Objet,salon,cci-paris-idf.fr,OUI,Jour 5
2026-09-15,10:00,19:00,porte_versailles,NRF 2026 Retail Big Show,salon,viparis.com,OUI,Pro retail international
2026-09-15,20:00,22:00,bataclan,Concert rentree,concert,bataclan.fr,APPROX,Verifier programmation
2026-09-15,20:00,22:30,bercy_arena,Melanie Martinez - Hades The Sacrifice,concert,sortiraparis.com,OUI,Alt-pop
2026-09-15,20:00,22:30,zenith,Concert tournee,concert,le-zenith.com,APPROX,Verifier programmation
2026-09-16,19:30,22:00,defense_arena,Celine Dion Paris 2026 - Residence,concert,parisladefense-arena.com,OUI,Residence concert #2
2026-09-16,20:30,23:00,defense_arena,Céline Dion - Résidence Paris,concert,parisladefense-arena.com,OUI,Jour 3
2026-09-17,20:00,22:30,bercy_arena,Evanescence + Poppy + Nova Twins,concert,sortiraparis.com,OUI,Rock metal
2026-09-17,20:00,22:30,bercy_arena,Evanescence,concert,accorarena.com,OUI,Rock metal avec Poppy et Nova Twins
2026-09-17,20:00,22:30,zenith,Concert,concert,zenith-paris.com,OUI,Septembre
2026-09-18,19:30,22:00,defense_arena,Celine Dion Paris 2026 - Residence,concert,parisladefense-arena.com,OUI,Residence concert #3
2026-09-18,20:00,22:00,seine_musicale,Concert pop francaise,concert,laseinemusicale.com,APPROX,Verifier programmation
2026-09-18,20:00,22:00,trianon,Concert,concert,letrianon.fr,APPROX,Verifier programmation
2026-09-18,20:00,22:30,zenith,Concert,concert,zenith-paris.com,OUI,Septembre
2026-09-18,20:30,23:00,defense_arena,Céline Dion - Résidence Paris,concert,parisladefense-arena.com,OUI,Jour 4
2026-09-19,19:30,22:00,defense_arena,Celine Dion Paris 2026 - Residence,concert,parisladefense-arena.com,OUI,Residence concert #4
2026-09-19,20:00,22:30,bercy_arena,Pussycat Dolls - PCD Forever,concert,sortiraparis.com,OUI,Pop comeback
2026-09-19,20:00,22:30,bercy_arena,The Pussycat Dolls - PCD Forever Tour,concert,accorarena.com,OUI,Pop comeback 15 ans
2026-09-19,20:00,22:30,zenith,Concert,concert,zenith-paris.com,OUI,Septembre
2026-09-19,20:30,23:00,defense_arena,Céline Dion - Résidence Paris,concert,parisladefense-arena.com,OUI,Jour 5
2026-09-20,20:00,22:00,olympia,Concert rentree,concert,olympiahall.com,APPROX,Programmation a verifier
2026-09-20,20:00,22:30,zenith,Concert,concert,zenith-paris.com,OUI,Septembre
2026-09-20,20:30,22:30,bataclan,Christine and the Queens,concert,bataclan.fr,OUI,Pop électro
2026-09-22,20:30,23:00,defense_arena,Céline Dion - Résidence Paris,concert,parisladefense-arena.com,OUI,Jour 6
2026-09-23,19:30,22:00,defense_arena,Celine Dion Paris 2026 - Residence,concert,parisladefense-arena.com,OUI,Residence concert #5
2026-09-23,20:00,22:00,philharmonie,Orchestre de Paris - Christoph Eschenbach,concert,philharmoniedeparis.fr,OUI,Brahms
2026-09-24,20:00,22:00,philharmonie,Orchestre de Paris - Christoph Eschenbach,concert,philharmoniedeparis.fr,OUI,Jour 2
2026-09-25,10:30,19:00,villepinte,SILMO Paris,salon,cci-paris-idf.fr,OUI,Optique lunetterie
2026-09-25,11:00,23:00,fondation_lv,Calder - Rever en equilibre - Nocturne,exposition,fondationlouisvuitton.fr,OUI,Nocturne ven 23h
2026-09-25,19:30,22:00,defense_arena,Celine Dion Paris 2026 - Residence,concert,parisladefense-arena.com,OUI,Residence concert #6
2026-09-25,20:00,22:00,cigale,Concert,concert,lacigale.fr,APPROX,Verifier programmation
2026-09-25,20:00,22:00,philharmonie,Saison 2026-2027 ouverture,concert,philharmoniedeparis.fr,APPROX,Rentree saison classique
2026-09-25,20:30,23:00,defense_arena,Céline Dion - Résidence Paris,concert,parisladefense-arena.com,OUI,Jour 7
2026-09-25,20:30,22:30,trianon,Yellowjackets,concert,letrianon.fr,OUI,Jazz fusion
2026-09-26,10:30,19:00,villepinte,SILMO Paris,salon,cci-paris-idf.fr,OUI,Jour 2
2026-09-26,11:00,19:00,bercy_arena,Internationaux de France de Gymnastique,sport,accorarena.com,OUI,Compet internationale jour 1
2026-09-26,19:30,22:00,defense_arena,Celine Dion Paris 2026 - Residence,concert,parisladefense-arena.com,OUI,Residence concert #7
2026-09-26,20:30,23:00,defense_arena,Céline Dion - Résidence Paris,concert,parisladefense-arena.com,OUI,Jour 8
2026-09-26,21:00,23:00,parc_princes,PSG - Match L1,sport,psg.fr,APPROX,Verifier calendrier
2026-09-27,10:30,19:00,villepinte,SILMO Paris,salon,cci-paris-idf.fr,OUI,Jour 3
2026-09-27,11:00,19:00,bercy_arena,Internationaux de France de Gymnastique,sport,accorarena.com,OUI,Jour 2
2026-09-28,10:00,19:00,porte_versailles,Batimat Paris,salon,viparis.com,OUI,BTP construction
2026-09-28,10:30,19:00,villepinte,SILMO Paris,salon,cci-paris-idf.fr,OUI,Jour 4
2026-09-29,20:00,22:30,zenith,Concert,concert,zenith-paris.com,OUI,Septembre
2026-09-29,20:30,23:00,defense_arena,Céline Dion - Résidence Paris,concert,parisladefense-arena.com,OUI,Jour 9
2026-09-30,19:30,22:00,defense_arena,Celine Dion Paris 2026 - Residence,concert,parisladefense-arena.com,OUI,Residence concert #8
2026-09-30,20:00,22:30,bercy_arena,A$AP Rocky - Don't Be Dumb World Tour,concert,sortiraparis.com,OUI,Rap US
2026-10-01,20:00,22:30,adidas_arena,Cake,concert,agendaculturel.fr,OUI,Rock alternatif
2026-10-01,20:00,22:00,olympia,Cake,concert,agendaculturel.fr,OUI,Rock
2026-10-02,19:30,22:00,defense_arena,Celine Dion Paris 2026 - Residence,concert,parisladefense-arena.com,OUI,Residence concert #9
2026-10-02,20:00,22:30,adidas_arena,M. Pokora - Adrenaline Tour,concert,adidasarena.com,OUI,Variete pop jour 1
2026-10-02,20:00,22:00,olympia,Cake,concert,agendaculturel.fr,OUI,Jour 2
2026-10-02,20:30,22:30,bataclan,Flagrants Délires + Tribute Manu Chao,concert,jds.fr,OUI,Reggae
2026-10-02,20:30,23:00,defense_arena,Céline Dion - Résidence Paris,concert,parisladefense-arena.com,OUI,Jour 10
2026-10-02,21:00,23:00,stade_france,France - Italie Football,sport,stadefrance.com,OUI,Match equipe France
2026-10-03,14:00,18:00,longchamp,Prix Royallieu Week-end Arc,course,france-galop.com,OUI,Hippodrome Longchamp veille Arc Triomphe
2026-10-03,19:30,22:00,defense_arena,Celine Dion Paris 2026 - Residence,concert,parisladefense-arena.com,OUI,Residence concert #10
2026-10-03,20:00,22:30,adidas_arena,M. Pokora - Adrenaline Tour,concert,agendaculturel.fr,OUI,Pop variété
2026-10-03,20:00,22:00,olympia,Cake,concert,agendaculturel.fr,OUI,Jour 3
2026-10-03,20:00,22:30,zenith,Patrick Bruel - 35 ans Alors Regarde,concert,sortiraparis.com,OUI,Variété
2026-10-03,20:30,23:00,defense_arena,Céline Dion - Résidence Paris,concert,parisladefense-arena.com,OUI,Jour 11
2026-10-04,13:30,18:45,longchamp,Qatar Prix de l'Arc de Triomphe,course,france-galop.com,OUI,International course mythique mondiale
2026-10-04,14:00,18:00,longchamp,Qatar Prix de l'Arc de Triomphe 2026,course,france-galop.com,OUI,EVENEMENT MAJEUR international 50000 spectateurs course principale 17h
2026-10-04,17:00,19:00,parc_princes,PSG - Match L1,sport,psg.fr,APPROX,Verifier calendrier
2026-10-04,20:00,22:30,zenith,Alizée - 25 ans déjà,concert,sortiraparis.com,OUI,Pop
2026-10-04,20:30,22:30,bataclan,IAM - 35 ans,concert,bataclan.fr,OUI,Rap français
2026-10-06,09:30,18:00,musee_orsay,Mary Cassatt Ouverture,exposition,musee-orsay.fr,OUI,Orsay impressionniste américaine
2026-10-06,20:30,23:00,defense_arena,Céline Dion - Résidence Paris,concert,parisladefense-arena.com,OUI,Jour 12
2026-10-07,19:30,22:00,defense_arena,Celine Dion Paris 2026 - Residence,concert,parisladefense-arena.com,OUI,Residence concert #11
2026-10-08,09:30,21:45,musee_orsay,Mary Cassatt - Nocturne jeudi,exposition,musee-orsay.fr,OUI,Nocturne jeudi blockbuster
2026-10-08,20:00,22:00,bataclan,Concert,concert,bataclan.fr,APPROX,Verifier programmation
2026-10-08,20:00,22:30,zenith,Patrick Bruel,concert,sortiraparis.com,OUI,Date suppl
2026-10-09,14:00,23:00,porte_versailles,Mondial de l'Auto 2026,salon,viparis.com,OUI,Salon auto biennal
2026-10-09,19:00,22:15,vincennes,Reunion nocturne Vincennes vendredi,course,letrot.com,OUI,Trot reunion nocturne
2026-10-09,19:30,21:30,bataclan,Gavin Degraw,concert,jds.fr,OUI,Pop folk US
2026-10-09,19:30,22:00,defense_arena,Celine Dion Paris 2026 - Residence,concert,parisladefense-arena.com,OUI,Residence concert #12
2026-10-09,20:00,22:30,zenith,Concert,concert,zenith-paris.com,OUI,Octobre
2026-10-09,20:30,23:00,defense_arena,Céline Dion - Résidence Paris,concert,parisladefense-arena.com,OUI,Jour 13
2026-10-10,14:00,23:00,porte_versailles,Mondial de l'Auto 2026,salon,viparis.com,OUI,Jour 2
2026-10-10,19:30,22:00,defense_arena,Celine Dion Paris 2026 - Residence,concert,parisladefense-arena.com,OUI,Residence concert #13
2026-10-10,20:00,22:30,zenith,Concert,concert,le-zenith.com,APPROX,Verifier programmation
2026-10-10,20:30,23:00,defense_arena,Céline Dion - Résidence Paris,concert,parisladefense-arena.com,OUI,Jour 14
2026-10-11,14:00,23:00,porte_versailles,Mondial de l'Auto 2026,salon,viparis.com,OUI,Jour 3
2026-10-11,20:30,22:30,trianon,Brigitte Fontaine,concert,letrianon.fr,OUI,Avant-garde
2026-10-12,14:00,23:00,porte_versailles,Mondial de l'Auto 2026,salon,viparis.com,OUI,Jour 4
2026-10-13,09:30,19:00,porte_versailles,Equip'Auto 2026,salon,viparis.com,APPROX,Salon equipementiers automobile
2026-10-13,14:00,23:00,porte_versailles,Mondial de l'Auto 2026,salon,viparis.com,OUI,Jour 5
2026-10-13,19:00,21:00,bataclan,Jon Anderson Band Geeks - Yes Epics,concert,jds.fr,OUI,Pop folk
2026-10-13,20:00,22:30,zenith,Amon Amarth,concert,sortiraparis.com,OUI,Viking metal suédois
2026-10-13,20:30,23:00,defense_arena,Céline Dion - Résidence Paris,concert,parisladefense-arena.com,OUI,Jour 15
2026-10-14,10:00,20:00,porte_versailles,Mondial de l'Auto 2026,salon,viparis.com,OUI,Salon auto biennal jour 1
2026-10-14,19:30,22:00,defense_arena,Celine Dion Paris 2026 - Residence,concert,parisladefense-arena.com,OUI,Residence concert #14
2026-10-14,20:00,22:30,adidas_arena,Europe - The Final Countdown 40e,concert,agendaculturel.fr,OUI,Hard rock
2026-10-14,20:00,22:00,olympia,Ghinzu,concert,sortiraparis.com,OUI,Rock belge
2026-10-14,20:30,22:30,bataclan,Autechre,concert,agendaculturel.fr,OUI,Electro UK
2026-10-14,20:30,23:00,defense_arena,Céline Dion - Résidence Paris,concert,parisladefense-arena.com,OUI,Jour 16
2026-10-15,09:30,21:45,musee_orsay,Mary Cassatt - Nocturne jeudi,exposition,musee-orsay.fr,OUI,Nocturne jeudi
2026-10-15,14:00,23:00,porte_versailles,Mondial de l'Auto 2026,salon,viparis.com,OUI,Jour 7
2026-10-15,20:00,22:30,adidas_arena,Europe - The Final Countdown 40e,concert,agendaculturel.fr,OUI,Jour 2
2026-10-15,20:00,22:00,olympia,Ghinzu,concert,sortiraparis.com,OUI,Jour 2
2026-10-15,20:00,22:00,olympia,Concert tournee automne,concert,olympiahall.com,APPROX,Programmation a verifier
2026-10-15,20:00,22:00,philharmonie,Concert classique,concert,philharmoniedeparis.fr,APPROX,Verifier programmation
2026-10-15,20:30,22:30,philharmonie,Assassins Creed en concert - Orchestre Colonne,concert,philharmoniedeparis.fr,OUI,Symphonique gaming
2026-10-16,14:00,23:00,porte_versailles,Mondial de l'Auto 2026,salon,viparis.com,OUI,Jour 8
2026-10-16,19:30,22:00,defense_arena,Celine Dion Paris 2026 - Residence,concert,parisladefense-arena.com,OUI,Residence concert #15
2026-10-16,20:00,22:30,bercy_arena,Gradur,concert,accorarena.com,OUI,Rap franco-congolais
2026-10-16,20:00,22:00,trianon,Concert,concert,letrianon.fr,APPROX,Verifier programmation
2026-10-16,20:30,22:30,seine_musicale,Chris Isaak Live On Tour,concert,agendaculturel.fr,OUI,Rockabilly
2026-10-17,09:30,18:00,villepinte,SIAL Paris 2026,salon,viparis.com,OUI,Salon alimentation mondial jour 1
2026-10-17,10:00,20:00,porte_versailles,Mondial de l'Auto 2026,salon,viparis.com,OUI,Jour 4 weekend
2026-10-17,10:30,19:00,villepinte,SIAL Paris,salon,sialparis.com,OUI,Salon alimentation mondial
2026-10-17,19:30,22:00,defense_arena,Celine Dion Paris 2026 - Residence,concert,parisladefense-arena.com,OUI,Residence concert #16
2026-10-17,20:00,22:00,parc_princes,PSG vs Monaco,sport,psg.fr,OUI,Ligue 1
2026-10-17,20:30,22:30,seine_musicale,Chris Isaak Live On Tour,concert,agendaculturel.fr,OUI,Jour 2
2026-10-18,09:30,18:00,villepinte,SIAL Paris 2026,salon,viparis.com,OUI,Jour 2
2026-10-18,10:00,20:00,porte_versailles,Mondial de l'Auto 2026,salon,viparis.com,OUI,Jour 5 weekend
2026-10-18,10:30,19:00,villepinte,SIAL Paris,salon,sialparis.com,OUI,Jour 2
2026-10-18,20:00,22:30,bercy_arena,Lauryn Hill,concert,offi.fr,OUI,Hip-hop tournée anniversaire
2026-10-18,20:30,22:30,cigale,Lemon Twigs,concert,lacigale.fr,OUI,Rock indie US
2026-10-18,21:00,23:00,parc_princes,PSG - Match L1,sport,psg.fr,APPROX,Verifier calendrier
2026-10-19,09:30,18:00,villepinte,SIAL Paris 2026,salon,viparis.com,OUI,Jour 3
2026-10-19,10:00,20:00,porte_versailles,Mondial de l'Auto 2026,salon,viparis.com,OUI,Jour 6 grand public
2026-10-19,10:30,19:00,villepinte,SIAL Paris,salon,sialparis.com,OUI,Jour 3
2026-10-19,20:00,22:30,bercy_arena,Lauryn Hill,concert,offi.fr,OUI,Jour 2
2026-10-19,20:00,22:30,bercy_arena,Bigflo et Oli,concert,sortiraparis.com,OUI,Rap français
2026-10-19,20:00,22:30,bercy_arena,Bigflo & Oli,concert,accorarena.com,OUI,Rap toulousain jour 1
2026-10-20,09:30,18:00,villepinte,SIAL Paris 2026,salon,viparis.com,OUI,Jour 4
2026-10-20,10:00,20:00,porte_versailles,Mondial de l'Auto 2026,salon,viparis.com,OUI,Jour 7
2026-10-20,10:30,19:00,villepinte,SIAL Paris,salon,sialparis.com,OUI,Jour 4
2026-10-20,20:00,22:30,bercy_arena,Bigflo et Oli,concert,sortiraparis.com,OUI,Jour 2
2026-10-20,20:00,22:30,bercy_arena,Bigflo & Oli,concert,accorarena.com,OUI,Jour 2
2026-10-20,20:00,22:00,salle_pleyel,Concert,concert,sallepleyel.com,APPROX,Verifier programmation
2026-10-21,09:30,18:00,villepinte,SIAL Paris 2026,salon,viparis.com,OUI,Jour 5 dernier
2026-10-21,10:00,20:00,porte_versailles,Mondial de l'Auto 2026,salon,viparis.com,OUI,Jour 8
2026-10-21,10:30,19:00,villepinte,SIAL Paris,salon,sialparis.com,OUI,Jour 5 dernier
2026-10-21,20:00,22:30,zenith,Concert,concert,zenith-paris.com,OUI,Octobre
2026-10-21,21:00,23:00,parc_princes,PSG - Match Champions League,sport,psg.fr,APPROX,C1 europeen verifier
2026-10-22,09:30,21:45,musee_orsay,Mary Cassatt - Nocturne jeudi,exposition,musee-orsay.fr,OUI,Nocturne jeudi
2026-10-22,10:00,20:00,porte_versailles,Mondial de l'Auto 2026,salon,viparis.com,OUI,Jour 9
2026-10-22,20:00,22:30,bercy_arena,The Strokes,concert,sortiraparis.com,OUI,Rock NYC
2026-10-22,20:00,22:00,seine_musicale,Concert,concert,laseinemusicale.com,APPROX,Verifier programmation
2026-10-23,10:00,20:00,porte_versailles,Mondial de l'Auto 2026,salon,viparis.com,OUI,Jour 10
2026-10-23,20:00,22:30,bercy_arena,Korn,concert,sortiraparis.com,OUI,Nu metal
2026-10-23,20:00,22:00,cigale,Concert,concert,lacigale.fr,APPROX,Verifier programmation
2026-10-24,10:00,20:00,porte_versailles,Mondial de l'Auto 2026,salon,viparis.com,OUI,Jour 11
2026-10-25,10:00,20:00,porte_versailles,Mondial de l'Auto 2026,salon,viparis.com,OUI,Jour 12 dernier
2026-10-25,20:00,22:30,zenith,Concert,concert,zenith-paris.com,OUI,Octobre
2026-10-26,20:00,22:30,bercy_arena,Meryl - Caviar I,concert,sortiraparis.com,OUI,Rap antillaise
2026-10-26,20:00,22:30,bercy_arena,Meryl,concert,accorarena.com,OUI,Rap antillaise jour 1
2026-10-27,20:00,22:30,bercy_arena,Meryl - Caviar I,concert,sortiraparis.com,OUI,Jour 2 forte demande
2026-10-27,20:00,22:30,bercy_arena,Meryl,concert,accorarena.com,OUI,Jour 2 forte demande
2026-10-28,10:00,19:00,porte_versailles,Salon du Chocolat 2026,salon,viparis.com,OUI,Grand public chocolat
2026-10-29,10:00,19:00,porte_versailles,Salon du Chocolat 2026,salon,viparis.com,OUI,Jour 2
2026-10-29,20:30,22:30,bataclan,Artemas,concert,agendaculturel.fr,OUI,Pop rock UK
2026-10-30,10:00,19:00,porte_versailles,Salon du Chocolat 2026,salon,viparis.com,OUI,Jour 3
2026-10-30,11:00,23:00,fondation_lv,Calder - Rever en equilibre - Nocturne,exposition,fondationlouisvuitton.fr,OUI,Nocturne ven 23h
2026-10-30,19:00,22:15,vincennes,Reunion nocturne Vincennes vendredi,course,letrot.com,OUI,Trot reunion nocturne
2026-10-30,20:00,22:30,adidas_arena,Tokio Hotel - Arena Tour,concert,fnacspectacles.com,OUI,Pop rock allemand
2026-10-30,20:00,22:30,adidas_arena,Tokio Hotel,concert,adidasarena.com,OUI,Pop rock allemand
2026-10-30,20:00,22:30,bercy_arena,Jungle - Sunshine Tour,concert,sortiraparis.com,OUI,Electro UK
2026-10-30,20:00,22:30,bercy_arena,Jungle,concert,accorarena.com,OUI,Indie soul UK
2026-10-30,20:00,22:30,seine_musicale,La Cage aux folles - Laurent Lafitte,spectacle,agendaculturel.fr,OUI,Comédie musicale
2026-10-30,20:30,22:30,philharmonie,Symphonic Selections Final Fantasy,concert,philharmoniedeparis.fr,OUI,Gaming orchestral
2026-10-31,10:00,19:00,porte_versailles,Salon du Chocolat 2026,salon,viparis.com,OUI,Jour 4
2026-10-31,20:00,22:30,bercy_arena,Simple Plan,concert,sortiraparis.com,OUI,Pop punk Halloween
2026-10-31,20:00,22:30,defense_arena,Cirque du Soleil - OVO,spectacle,parisladefense-arena.com,OUI,Spectacle insectes
2026-10-31,20:00,22:30,zenith,Halloween concert,concert,zenith-paris.com,OUI,Halloween
2026-11-01,10:00,19:00,porte_versailles,Salon du Chocolat 2026,salon,viparis.com,OUI,Jour 5 dernier
2026-11-02,10:00,19:00,porte_versailles,EquipHotel,salon,viparis.com,OUI,Pro hôtellerie
2026-11-02,20:00,22:30,bercy_arena,The World of Hans Zimmer - A New Dimension,concert,accorarena.com,OUI,Cinema musical immersif
2026-11-03,10:00,19:00,porte_versailles,EquipHotel,salon,viparis.com,OUI,Jour 2
2026-11-04,10:00,19:00,porte_versailles,EquipHotel,salon,viparis.com,OUI,Jour 3
2026-11-05,10:00,19:00,porte_versailles,EquipHotel,salon,viparis.com,OUI,Dernier jour
2026-11-05,20:00,22:30,bercy_arena,J. Cole - The Fall-Off Tour,concert,accorarena.com,OUI,Hip-hop USA
2026-11-05,20:00,22:30,zenith,Concert,concert,le-zenith.com,APPROX,Verifier programmation
2026-11-06,20:00,22:30,bercy_arena,Niall Horan - Dinner Party Live,concert,accorarena.com,OUI,Pop folk irlandais
2026-11-07,10:30,19:00,villepinte,Salon de la Street Food,salon,cci-paris-idf.fr,OUI,Grand public
2026-11-07,20:00,22:30,bercy_arena,Lujipeka - Brûler Paris,concert,jds.fr,OUI,Rap rennais
2026-11-07,20:00,22:30,bercy_arena,Lujipeka,concert,accorarena.com,OUI,Rap rennais Bruler Paris
2026-11-08,10:30,19:00,villepinte,Salon de la Street Food,salon,cci-paris-idf.fr,OUI,Jour 2
2026-11-08,20:00,22:30,defense_arena,Cirque du Soleil - OVO,spectacle,parisladefense-arena.com,OUI,Fin résidence
2026-11-08,20:30,22:30,trianon,Robin McKelle,concert,letrianon.fr,OUI,Jazz vocal
2026-11-08,21:00,23:00,parc_princes,PSG - Match L1,sport,psg.fr,APPROX,Verifier calendrier
2026-11-10,20:00,22:00,salle_pleyel,Concert,concert,sallepleyel.com,APPROX,Verifier programmation
2026-11-10,20:00,22:30,zenith,Concert,concert,zenith-paris.com,OUI,Novembre
2026-11-11,10:00,19:00,porte_versailles,MIF Expo - Made in France,salon,viparis.com,OUI,Grand public
2026-11-11,11:00,21:00,grand_palais,Paris Photo 2026,salon,grandpalais.fr,OUI,Foire photo internationale
2026-11-12,09:30,21:45,musee_orsay,Mary Cassatt - Nocturne jeudi,exposition,musee-orsay.fr,OUI,Nocturne jeudi
2026-11-12,11:00,21:00,grand_palais,Paris Photo 2026,salon,grandpalais.fr,OUI,Jour 2
2026-11-12,20:00,22:00,bataclan,Concert,concert,bataclan.fr,APPROX,Verifier programmation
2026-11-12,20:00,22:30,bercy_arena,Fianso (Sofiane) - Concert d'adieu,concert,accorarena.com,OUI,Rap derniere scene
2026-11-13,11:00,21:00,grand_palais,Paris Photo 2026,salon,grandpalais.fr,OUI,Jour 3
2026-11-13,19:00,22:15,vincennes,Reunion nocturne Vincennes vendredi,course,letrot.com,OUI,Trot reunion nocturne
2026-11-13,20:00,22:00,trianon,Concert,concert,letrianon.fr,APPROX,Verifier programmation
2026-11-13,20:00,22:30,zenith,Concert,concert,zenith-paris.com,OUI,Novembre
2026-11-13,21:00,23:00,stade_france,France - Afrique du Sud Rugby,sport,stadefrance.com,OUI,Test match automne
2026-11-14,11:00,21:00,grand_palais,Paris Photo 2026,salon,grandpalais.fr,OUI,Jour 4
2026-11-14,13:30,18:45,auteuil,48 Heures de l'Obstacle - Jour 1,course,france-galop.com,OUI,Reunion obstacle prestige
2026-11-14,20:00,22:30,adidas_arena,Mumford & Sons,concert,offi.fr,OUI,Folk rock UK
2026-11-14,20:00,22:30,zenith,Concert,concert,zenith-paris.com,OUI,Novembre
2026-11-14,20:30,22:30,cigale,Gomme,concert,lacigale.fr,OUI,Pop indé
2026-11-14,20:30,22:30,seine_musicale,Lara Fabian,concert,agendaculturel.fr,OUI,Variété
2026-11-15,09:00,19:00,grand_palais,Paris Photo 2026,salon,grandpalais.fr,OUI,Jour 5 dernier
2026-11-15,14:00,18:00,auteuil,48 Heures de l'Obstacle J2,course,france-galop.com,OUI,Auteuil Prix Maurice Gillois
2026-11-15,20:00,22:30,bercy_arena,Kery James - RAP Résistance Amour Poésie,concert,jds.fr,OUI,Rap engagé
2026-11-15,20:00,22:00,seine_musicale,Concert,concert,laseinemusicale.com,APPROX,Verifier programmation
2026-11-15,20:00,22:30,zenith,Concert,concert,zenith-paris.com,OUI,Novembre
2026-11-16,14:00,18:00,vincennes,Ouverture Saison Vincennes Q1,course,letrot.com,OUI,Prix Bretagne Championnat Monde Sulky
2026-11-17,20:00,22:30,adidas_arena,Helena - Star Academy,concert,sortiraparis.com,OUI,Variété
2026-11-17,20:00,22:30,bercy_arena,Vanessa Paradis,concert,accorarena.com,OUI,Variete francaise
2026-11-18,20:00,22:30,bercy_arena,"No Limit (Orelsan, Gazo, Hamza, Tiakola)",concert,accorarena.com,OUI,Rap collectif urbain
2026-11-18,20:00,22:00,olympia,Concert variete,concert,olympiahall.com,APPROX,Programmation a verifier
2026-11-18,20:00,22:30,zenith,Concert,concert,zenith-paris.com,OUI,Novembre
2026-11-19,20:00,22:30,bercy_arena,Superbus,concert,accorarena.com,OUI,Pop rock
2026-11-19,20:00,22:30,bercy_arena,Christophe Mae,concert,accorarena.com,OUI,Variete jour 1
2026-11-19,20:00,22:30,zenith,Concert,concert,zenith-paris.com,OUI,Novembre
2026-11-20,20:00,22:30,bercy_arena,Superbus,concert,accorarena.com,OUI,Jour 2
2026-11-20,20:00,22:30,bercy_arena,Christophe Mae,concert,accorarena.com,OUI,Jour 2
2026-11-20,20:00,22:00,philharmonie,Concert classique,concert,philharmoniedeparis.fr,APPROX,Verifier programmation
2026-11-21,20:00,22:30,defense_arena,Concert TBA,concert,parisladefense-arena.com,OUI,Weekend
2026-11-21,20:00,22:00,parc_princes,PSG vs Lille,sport,psg.fr,OUI,Ligue 1
2026-11-21,21:00,23:00,stade_france,France - Argentine Rugby,sport,stadefrance.com,OUI,Test match automne
2026-11-22,20:00,22:30,bercy_arena,Hatsune Miku,concert,accorarena.com,OUI,Vocaloid japonais
2026-11-22,20:00,22:30,defense_arena,Concert TBA,concert,parisladefense-arena.com,OUI,Jour 2
2026-11-22,20:00,22:30,zenith,Concert,concert,zenith-paris.com,OUI,Novembre
2026-11-22,20:30,22:30,bataclan,Gojira,concert,bataclan.fr,OUI,Metal Bayonne
2026-11-22,21:00,23:00,parc_princes,PSG - Match L1,sport,psg.fr,APPROX,Verifier calendrier
2026-11-23,10:30,19:00,villepinte,All4Pack Emballage Paris,salon,cci-paris-idf.fr,OUI,Salon emballage
2026-11-24,10:30,19:00,villepinte,All4Pack Emballage Paris,salon,cci-paris-idf.fr,OUI,Jour 2
2026-11-24,20:00,22:30,bercy_arena,Archive,concert,offi.fr,OUI,Rock alternatif UK
2026-11-24,20:00,22:30,bercy_arena,Superbus,concert,accorarena.com,OUI,Pop rock francais
2026-11-25,10:30,19:00,villepinte,All4Pack Emballage Paris,salon,cci-paris-idf.fr,OUI,Jour 3
2026-11-25,20:00,22:30,bercy_arena,Placebo - 30th Anniversary Tour,concert,accorarena.com,OUI,Rock alternatif sold out
2026-11-25,20:00,22:30,zenith,Concert,concert,zenith-paris.com,OUI,Novembre
2026-11-26,10:30,19:00,villepinte,All4Pack Emballage Paris,salon,cci-paris-idf.fr,OUI,Jour 4
2026-11-26,20:00,22:30,adidas_arena,Cirque du Soleil - OVO,spectacle,sortiraparis.com,OUI,Cirque insectes
2026-11-26,20:00,22:30,adidas_arena,Saez - Les Maudits,concert,adidasarena.com,OUI,Rock 22h-6h jour 1
2026-11-26,20:00,22:30,bercy_arena,Placebo - 30 ans,concert,accorarena.com,OUI,Glam rock 2 premiers albums
2026-11-27,20:00,22:30,adidas_arena,Cirque du Soleil - OVO,spectacle,sortiraparis.com,OUI,Jour 2
2026-11-27,20:00,22:30,adidas_arena,Saez - Les Maudits,concert,adidasarena.com,OUI,Jour 2
2026-11-28,20:00,22:30,adidas_arena,Cirque du Soleil - OVO,spectacle,sortiraparis.com,OUI,Jour 3
2026-11-28,20:00,22:30,adidas_arena,Saez - Les Maudits,concert,adidasarena.com,OUI,Jour 3
2026-11-29,20:00,22:30,adidas_arena,Cirque du Soleil - OVO,spectacle,sortiraparis.com,OUI,Jour 4
2026-11-29,20:00,22:30,adidas_arena,Saez - Les Maudits,concert,adidasarena.com,OUI,Jour 4 dernier
2026-12-01,10:00,19:00,porte_versailles,Pollutec,salon,viparis.com,OUI,Pro environnement
2026-12-01,20:00,22:30,adidas_arena,Papa Roach - Rise of the Roach,concert,sortiraparis.com,OUI,Rock metal
2026-12-02,10:00,19:00,porte_versailles,Pollutec,salon,viparis.com,OUI,Jour 2
2026-12-04,18:30,20:30,bataclan,Eluveitie + Wolfheart + Pain,concert,infoconcert.com,OUI,Folk metal
2026-12-04,19:00,22:15,vincennes,Reunion nocturne Vincennes vendredi,course,letrot.com,OUI,Trot reunion nocturne
2026-12-04,20:00,22:30,bercy_arena,Noah Kahan,concert,accorarena.com,OUI,Folk pop
2026-12-04,20:00,22:00,olympia,Marguerite,concert,agendaculturel.fr,OUI,Pop intimiste
2026-12-04,20:30,22:30,cigale,Pierre Lapointe,concert,lacigale.fr,OUI,Chanson Québec
2026-12-05,10:00,19:00,villepinte,Salon du Cheval Paris 2026,salon,viparis.com,OUI,Salon equestre jour 1
2026-12-05,20:00,22:30,adidas_arena,Tash Sultana,concert,adidasarena.com,OUI,One-man-band australienne
2026-12-05,20:00,22:30,bercy_arena,So La Lune,concert,accorarena.com,OUI,Rap introspectif
2026-12-05,20:00,22:30,defense_arena,Joé Dwèt Filé,concert,parisladefense-arena.com,OUI,R&B haïtien
2026-12-05,20:00,22:00,olympia,Vincent Delerm,concert,agendaculturel.fr,OUI,Chanson
2026-12-05,20:00,22:30,zenith,Concert,concert,zenith-paris.com,OUI,Décembre
2026-12-06,10:00,19:00,villepinte,Salon du Cheval Paris 2026,salon,viparis.com,OUI,Jour 2
2026-12-06,20:00,22:30,bercy_arena,Eric Serra Live,concert,accorarena.com,OUI,Cinema musical
2026-12-06,20:00,22:30,zenith,Concert,concert,zenith-paris.com,OUI,Décembre
2026-12-06,21:00,23:00,parc_princes,PSG - Match L1,sport,psg.fr,APPROX,Verifier calendrier
2026-12-07,10:00,19:00,villepinte,Salon du Cheval Paris 2026,salon,viparis.com,OUI,Jour 3
2026-12-07,14:00,18:00,vincennes,Prix du Bourbonnais Q2,course,letrot.com,OUI,Hippodrome Vincennes
2026-12-07,20:00,22:30,bercy_arena,Noah Kahan,concert,accorarena.com,OUI,Pop folk US
2026-12-07,20:00,22:30,zenith,Concert,concert,zenith-paris.com,OUI,Décembre
2026-12-08,10:00,19:00,villepinte,Salon du Cheval Paris 2026,salon,viparis.com,OUI,Jour 4
2026-12-08,20:00,22:00,olympia,Pierre de Maere,concert,agendaculturel.fr,OUI,Pop francophone
2026-12-09,10:00,19:00,villepinte,Salon du Cheval Paris 2026,salon,viparis.com,OUI,Jour 5
2026-12-09,20:00,22:30,bercy_arena,Orelsan - Residence Bercy,concert,accorarena.com,APPROX,Residence #1 sur 9-28 dec verifier dates exactes
2026-12-09,20:00,22:00,olympia,Pierre de Maere,concert,agendaculturel.fr,OUI,Jour 2
2026-12-10,09:30,21:45,musee_orsay,Mary Cassatt - Nocturne jeudi,exposition,musee-orsay.fr,OUI,Nocturne jeudi
2026-12-10,10:00,19:00,villepinte,Salon du Cheval Paris 2026,salon,viparis.com,OUI,Jour 6
2026-12-10,20:00,22:30,bercy_arena,Orelsan - Residence Bercy,concert,accorarena.com,APPROX,Residence #2 sur 9-28 dec verifier dates exactes
2026-12-10,20:00,22:00,olympia,Dakeez - Brutal Tour,concert,agendaculturel.fr,OUI,Rap
2026-12-10,20:00,22:00,olympia,Concert fin annee,concert,olympiahall.com,APPROX,Programmation a verifier
2026-12-10,20:00,22:30,zenith,Concert,concert,zenith-paris.com,OUI,Décembre
2026-12-11,10:00,19:00,villepinte,Salon du Cheval Paris 2026,salon,viparis.com,OUI,Jour 7
2026-12-11,20:00,22:00,olympia,Dakeez - Brutal Tour,concert,agendaculturel.fr,OUI,Jour 2
2026-12-12,10:00,19:00,villepinte,Salon du Cheval Paris 2026,salon,viparis.com,OUI,Jour 8
2026-12-12,20:00,22:30,adidas_arena,Nino Arial - Pas Comme Eux,spectacle,adidasarena.com,OUI,Humour
2026-12-12,20:00,22:30,bercy_arena,Orelsan - Residence Bercy,concert,accorarena.com,APPROX,Residence #3 sur 9-28 dec verifier dates exactes
2026-12-12,20:00,22:30,defense_arena,Anyma - ÆDEN,concert,parisladefense-arena.com,OUI,DJ électro
2026-12-12,20:00,23:00,defense_arena,Anyma,concert,parisladefense-arena.com,OUI,Electro live show
2026-12-12,20:00,22:00,olympia,Dakeez - Brutal Tour,concert,agendaculturel.fr,OUI,Jour 3
2026-12-13,10:00,19:00,villepinte,Salon du Cheval Paris 2026,salon,viparis.com,OUI,Jour 9 dernier
2026-12-13,20:00,22:30,bercy_arena,Orelsan - Residence Bercy,concert,accorarena.com,APPROX,Residence #4 sur 9-28 dec verifier dates exactes
2026-12-13,20:00,22:00,olympia,Dakeez - Brutal Tour,concert,agendaculturel.fr,OUI,Jour 4
2026-12-13,20:30,22:30,bataclan,Soan - Tournée XV ans,concert,bataclan.fr,OUI,Variété rock
2026-12-15,20:00,22:30,bercy_arena,Orelsan - Residence Bercy,concert,accorarena.com,APPROX,Residence #5 sur 9-28 dec verifier dates exactes
2026-12-15,20:00,22:30,zenith,Concert,concert,le-zenith.com,APPROX,Verifier programmation
2026-12-16,20:00,22:30,bercy_arena,Orelsan - Residence Bercy,concert,accorarena.com,APPROX,Residence #6 sur 9-28 dec verifier dates exactes
2026-12-16,20:30,22:30,seine_musicale,Véronique Sanson,concert,agendaculturel.fr,OUI,Chanson française
2026-12-17,20:00,22:00,seine_musicale,Veronique Sanson,concert,laseinemusicale.com,OUI,Variete francaise
2026-12-18,20:00,22:30,bercy_arena,Orelsan - Residence Bercy,concert,accorarena.com,APPROX,Residence #7 sur 9-28 dec verifier dates exactes
2026-12-19,20:00,22:30,bercy_arena,Orelsan - Residence Bercy,concert,accorarena.com,APPROX,Residence #8 sur 9-28 dec verifier dates exactes
2026-12-19,20:00,22:00,parc_princes,PSG vs OM,sport,psg.fr,OUI,Classico retour
2026-12-19,20:00,22:30,philharmonie,Cine-concert Les Demoiselles de Rochefort,spectacle,philharmoniedeparis.fr,OUI,Yellow Socks Orchestra jour 1
2026-12-19,20:30,22:30,trianon,Jane Birkin Tribute,concert,letrianon.fr,OUI,Hommage
2026-12-19,21:00,23:00,parc_princes,PSG vs OM - Classico,sport,psg.fr,APPROX,Classico retour estimation
2026-12-20,20:00,22:30,bercy_arena,Orelsan - Residence Bercy,concert,accorarena.com,APPROX,Residence #9 sur 9-28 dec verifier dates exactes
2026-12-20,20:00,22:30,philharmonie,Cine-concert Les Demoiselles de Rochefort,spectacle,philharmoniedeparis.fr,OUI,Yellow Socks Orchestra jour 2
2026-12-21,14:00,18:00,vincennes,Critérium Continental Q3,course,letrot.com,OUI,Hippodrome Vincennes
2026-12-26,13:30,18:45,vincennes,Reunion Boxing Day Vincennes,course,letrot.com,OUI,Course tradition Boxing Day
2026-12-28,14:00,18:00,vincennes,Prix de Bourgogne Q5,course,letrot.com,OUI,Hippodrome Vincennes
